Specimen #,Location,Treatment,Date,Initials of Experimenter,Berry Mass,Plant Richness,Form Normal (Y/N),Notes,,,,,,2547,Wobbly Cart,B,8/2/16,EHB,6.1108,9,Y,None,,,,,,55404,Harmony Fields,B,8/3/16,EHB,8.7557,11,N,Pinched End of Fruit,,,,,,5960,Riversong Farm,B,8/3/16,EHB,5.8806,10,Y,None,,,,,,80070,Riversong Farm,B,8/4/16,EHB,3.4089,10,N,Burn,,,,,,51301,Harmony Fields,B,8/4/16,EHB,4.8395,11,N,Burn,,,,,,6119,Riversong Farm,B,8/4/16,EHB,5.3246,10,N,Burn,,,,,,55815,Riversong Farm,B,8/4/16,EHB,2.3896,10,N,Burn,,,,,,89892,Harmony Fields,B,8/4/16,EHB,8.8921,11,N,Slightly Pinched End of Fruit,,,,,,21963,Wobbly Cart,B,8/4/16,EHB,4.8439,9,N,Fruit Dented,,,,,,21906,Wobbly Cart,B,8/4/16,EHB,10.4526,9,N,Fruit Dented,,,,,,16907,Wobbly Cart,B,8/4/16,EHB,1.7864,9,N,Pinched End of Fruit (and small),,,,,,85708,Wobbly Cart,B,8/5/16,HH,11.914,9,Y,None,,,,,,78968,Riversong Farm,B,8/5/16,HH,6.1648,10,N,Pinched End of Fruit (and small),,,,,,86669,Rising River,B,8/6/16,HH,7.3082,9,N,Fruit Dented and burn,,,,,,666,Rising River,B,8/7/16,HH,4.273,9,N,Fruit Dented and Pinched,,,,,,17194,Harmony Fields,B,8/7/16,HH,7.1716,11,N,Burn,,,,,,55815,Riversong Farm,B,8/8/16,HH,2.7547,10,N,Burn,,,,,,67571,Caliope,B,8/9/16,HH,8.3764,#N/A,N,Burn and pinched end of fruit,,,,,,38234,The Evergreen State College,B,8/9/16,HH,2.283,#N/A,N,Burn,,,,,,68000,Harmony Fields,B,8/10/16,HH,10.5813,11,N,Burn,,,,,,68000,Harmony Fields,B,8/10/16,HH,9.3651,11,N,Fruit Dented,,,,,,62528,Rising River,B,8/10/16,HH,10.8268,9,N,Fruit Dented,,,,,,38448,Rising River,B,8/11/16,HH,8.2297,9,N,Fruit Dented,,,,,,43158,The Evergreen State College,B,8/11/16,HH,3.0076,#N/A,N,Burn,,,,,,2547,Wobbly Cart,B,8/12/16,HH,4.8895,9,N,Burn,,,,,,9280,Riversong Farm,B,8/12/16,HH,7.3386,10,N,Fruit Dented and Pinched,,,,,,65322,Rising River,B,8/13/16,HH,15.1096,9,Y,None,,,,,,70625,Steel Wheel,B,8/13/16,HH,2.0518,10,N,Burn,,,,,,70625,Steel Wheel,B,8/13/16,HH,2.0632,10,N,Burn,,,,,,35056,New Holly,B,8/13/16,HH,3.0427,13,N,Burn,,,,,,2269,Maa nyei lai ndeic,B,8/13/16,HH,10.4993,#N/A,N,Burn,,,,,,39229,Wobbly Cart,B,8/13/16,HH,5.8191,9,N,Burn,,,,,,,,,,,,,,,,,,,13950,The Evergreen State College,B,8/14/16,EHB,5.1152,#N/A,Y,None,,,,,,,,,,,,,,,,,,,99997,The Evergreen State College,B,8/14/16,EHB,7.0878,#N/A,N,Pinched End of Fruit,,,,,,,,,,,,,,,,,,,73989,The Evergreen State College,B,8/14/16,EHB,8.8626,#N/A,N,Nippled End,,,,,,,,,,,,,,,,,,,80953,The Evergreen State College,B,8/14/16,EHB,4.1957,#N/A,Y,None,,,,,,,,,,,,,,,,,,,98098,Caliope,B,8/14/16,EHB,7.9112,#N/A,Y,None,,,,,,,,,,,,,,,,,,,80953,The Evergreen State College,B,8/14/16,EHB,4.0742,#N/A,N,Fruit Dented,,,,,,,,,,,,,,,,,,,21906,Wobbly Cart,B,8/14/16,EHB,8.8633,9,Y,None,,,,,,,,,,,,,,,,,,,33044,Caliope,B,8/14/16,EHB,8.019,#N/A,N,Pinched End of Fruit,,,,,,,,,,,,,,,,,,,41457,Caliope,B,8/14/16,EHB,2.5536,#N/A,N,Burn,,,,,,,,,,,,,,,,,,,96310,Caliope,B,8/14/16,EHB,10.9597,#N/A,N,Pinched End of Fruit,,,,,,,,,,,,,,,,,,,56955,Caliope,B,8/14/16,EHB,5.1668,#N/A,Y,None,,,,,,,,,,,,,,,,,,,45668,Maa nyei lai ndeic,B,8/14/16,EHB,3.7337,#N/A,N,Burn,,,,,,,,,,,,,,,,,,,47719,Steel Wheel,B,8/14/16,EHB,1.3762,10,N,Burn/dessication,,,,,,,,,,,,,,,,,,,60924,Maa nyei lai ndeic,B,8/14/16,EHB,7.3922,#N/A,Y,None,,,,,,,,,,,,,,,,,,,47719,Steel Wheel,B,8/14/16,EHB,1.682,10,Y,None,,,,,,,,,,,,,,,,,,,82207,Present Tense,B,8/14/16,EHB,1.92,7,N,Burn,,,,,,,,,,,,,,,,,,,7482,Present Tense,B,8/14/16,EHB,4.1478,7,N,Burn,,,,,,,,,,,,,,,,,,,86239,Maa nyei lai ndeic,B,8/14/16,EHB,3.2367,#N/A,N,Burn,,,,,,,,,,,,,,,,,,,60192,New Holly,B,8/14/16,EHB,1.4141,13,N,Burn,,,,,,,,,,,,,,,,,,,82207,Present Tense,B,8/14/16,EHB,5.7633,7,N,Pinched/Nippled End of Fruit,,,,,,,,,,,,,,,,,,,69991,Wendell Berry/ Urban Futures Farm,B,8/14/16,EHB,5.237,#N/A,Y,None,,,,,,,,,,,,,,,,,,,69991,Wendell Berry/ Urban Futures Farm,B,8/14/16,EHB,4.1147,#N/A,Y,None,,,,,,,,,,,,,,,,,,,21452,GRuB,B,8/14/16,EHB,1.0107,10,N,Burn,,,,,,,,,,,,,,,,,,,2015,GRuB,B,8/14/16,EHB,3.7072,10,Y,None,,,,,,,,,,,,,,,,,,,27717,GRuB,B,8/14/16,EHB,0.8725,10,N,Burn,,,,,,,,,,,,,,,,,,,65294,GRuB,B,8/14/16,EHB,3.3296,10,N,Pinched End of Fruit,,,,,,,,,,,,,,,,,,,16233,GRuB,B,8/14/16,EHB,6.5111,10,Y,None,,,,,,,,,,,,,,,,,,,48197,Present Tense,B,8/14/16,EHB,9.4867,7,N,Dents (minor),,,,,,,,,,,,,,,,,,,44625,Steel Wheel,B,8/14/16,EHB,8.7287,10,Y,None,,,,,,,,,,,,,,,,,,,14755,Present Tense,B,8/14/16,EHB,1.3393,7,N,Burn/dessication,,,,,,,,,,,,,,,,,,,18620,Present Tense,B,8/14/16,EHB,8.6718,7,Y,None,,,,,,,,,,,,,,,,,,,47569,Present Tense,B,8/14/16,EHB,5.5499,7,Y,None,,,,,,,,,,,,,,,,,,,34461,Steel Wheel,B,8/14/16,EHB,2.2993,10,N,Burn/dessication,,,,,,,,,,,,,,,,,,,92328,Steel Wheel,B,8/14/16,EHB,0.9552,10,N,Burn,,,,,,,,,,,,,,,,,,,54980,Wendell Berry/ Urban Futures Farm,B,8/14/16,EHB,5.1882,#N/A,Y,None,,,,,,,,,,,,,,,,,,,51078,Wendell Berry/ Urban Futures Farm,B,8/14/16,EHB,4.0502,#N/A,N,Dent,,,,,,,,,,,,,,,,,,,15070,Wendell Berry/ Urban Futures Farm,B,8/14/16,EHB,1.5845,#N/A,N,Burn,,,,,,,,,,,,,,,,,,,73414,Wendell Berry/ Urban Futures Farm,B,8/14/16,EHB,12.2843,#N/A,Y,None,,,,,,,,,,,,,,,,,,,2015,GRuB,B,8/15/16,EHB,3.6292,10,N,Burn,,,,,,,,,,,,,,,,,,,34963,Camp Korey,B,8/15/16,EHB,7.997,10,Y,None,,,,,,,,,,,,,,,,,,,59342,Sol to Seed,B,8/15/16,EHB,7.2467,9,Y,None,,,,,,,,,,,,,,,,,,,56655,Camp Korey,B,8/15/16,EHB,3.462,10,Y,None,,,,,,,,,,,,,,,,,,,56655,Camp Korey,B,8/15/16,EHB,4.2128,10,N,Dessicated,,,,,,,,,,,,,,,,,,,47897,Camp Korey,B,8/15/16,EHB,2.5996,10,N,Burn,,,,,,,,,,,,,,,,,,,89213,Sol to Seed,B,8/15/16,EHB,2.2819,9,N,Burn,,,,,,,,,,,,,,,,,,,47897,Camp Korey,B,8/16/16,EHB,1.3565,10,N,Dessicated,,,,,,,,,,,,,,,,,,,55442,Sol to Seed,B,8/16/16,EHB,6.5667,9,Y,None,,,,,,,,,,,,,,,,,,,20456,Sol to Seed,B,8/16/16,EHB,6.0753,9,N,Dent,,,,,,,,,,,,,,,,,,,50825,Sol to Seed,B,8/16/16,EHB,0.5617,9,N,Catface/Dessication,,,,,,,,,,,,,,,,,,,69991,Wendell Berry/ Urban Futures Farm,B,8/16/16,EHB,2.9628,#N/A,N,Dessicated,,,,,,,,,,,,,,,,,,,89796,Camp Korey,B,8/17/16,EHB,3.715,10,Y,None,,,,,,,,,,,,,,,,,,,80377,Sol to Seed,B,8/17/16,EHB,4.3395,9,N,Dents (minor),,,,,,,,,,,,,,,,,,,76870,Camp Korey,B,8/18/16,EHB,7.6593,10,N,One large lateral dent,,,,,,,,,,,,,,,,,,,83008,Camp Korey,B,8/19/16,EHB,1.8976,10,N,Catfaced,,,,,,,,,,,,,,,,,,,84407,Rainier Beach Urban Farm and Wetland,B,8/21/16,EHB,5.1599,#N/A,N,Dent (minor),,,,,,,,,,,,,,,,,,,86551,Beacon Food Forest,B,8/21/16,EHB,6.2766,19,N,Catfaced,,,,,,,,,,,,,,,,,,,56655,Camp Korey,B,8/21/16,EHB,3.6184,10,N,Catfaced,,,,,,,,,,,,,,,,,,,63490,Beacon Food Forest,B,8/22/16,EHB,8.4933,19,Y,None,,,,,,,,,,,,,,,,,,,66233,Rainier Beach Urban Farm and Wetland,B,8/22/16,EHB,4.6607,#N/A,Y,None,,,,,,,,,,,,,,,,,,,83009,Beacon Food Forest,B,8/23/16,EHB,5.743,19,Y,None,,,,,,,,,,,,,,,,,,,26586,Beacon Food Forest,B,8/23/16,EHB,2.0601,19,N,Catfaced,,,,,,,,,,,,,,,,,,,83009,Beacon Food Forest,B,8/24/16,EHB,3.2218,19,N,Nipple,,,,,,,,,,,,,,,,,,,24509,Rainier Beach Urban Farm and Wetland,B,8/24/16,EHB,3.7025,#N/A,N,Nipple,,,,,,,,,,,,,,,,,,,71150,Beacon Food Forest,B,8/24/16,EHB,6.3097,19,N,Nipple,,,,,,,,,,,,,,,,,,,5680,Rainier Beach Urban Farm and Wetland,B,8/26/16,EHB,2.2226,#N/A,N,Catfaced,,,,,,,,,,,,,,,,,,,71800,Sol to Seed,B,9/16/16,EHB,6.72,9,N,Nipple/pinched end,,,,,,,,,,,,,,,,,,,18445,Sol to Seed,B,9/16/16,EHB,4.6207,9,Y,None,,,,,,,,,,,,,,,,,,,57523,Sol to Seed,B,9/17/16,EHB,2.3417,9,N,Catfaced,,,,,,,,,,,,,,,,,,,24927,Camp Korey,B,9/17/16,EHB,3.2467,10,N,Catfaced,,,,,,,,,,,,,,,,,,,12504,Camp Korey,B,9/17/16,EHB,5.4695,10,N,Small catface,,,,,,,,,,,,,,,,,,,12297,Wobbly Cart,B,9/17/16,EHB,8.3194,9,Y,None,,,,,,,,,,,,,,,,,,,71574,Sol to Seed,B,9/20/16,EHB,2.3949,9,N,Catfaced,,,,,,,,,,,,,,,,,,,62566,Rising River,B,9/21/16,EHB,5.0366,9,N,Small dents,,,,,,,,,,,,,,,,,,,14211,Rising River,B,9/23/16,KB,5.1208,9,N,Dents (minor),,,,,,,,,,,,,,,,,,,74122,Rising River,B,9/26/16,KB,2.057,9,N,Denting throughout,,,,,,,,,,,,,,,,,,,31447,Maa nyei lai ndeic,B,9/27/16,KB,9.3444,#N/A,Y,Uniform plump shape,,,,,,,,,,,,,,,,,,,90470,Beacon Food Forest,B,9/27/16,KB,5.8911,19,N,Minor dent on bottom,,,,,,,,,,,,,,,,,,,21739,Beacon Food Forest,B,9/27/16,KB,8.4815,19,Y,Nice uniform shape,,,,,,,,,,,,,,,,,,,7386,Camp Korey,B,9/27/16,KB,2.3739,10,N,"Mushy, oblong fat bottom, skinny top",,,,,,,,,,,,,,,,,,,68328,Wobbly Cart,B,9/27/16,KB,0.4901,9,N,Small and catfaced,,,,,,19176,Rising River,B,9/27/16,KB,0.7121,9,N,"Heart shaped, small",,,,,,46553,Maa nyei lai ndeic,B,9/28/16,KB,5.4113,#N/A,N,Sourfaced with denting,,,,,,31447,Maa nyei lai ndeic,B,9/28/16,KB,5.398,#N/A,N,Minor denting (2 of 2),,,,,,21174,Beacon Food Forest,B,9/28/16,KB,4.259,19,N,Catfaced and dented,,,,,,21739,Beacon Food Forest,B,9/29/16,KB,3.3104,19,Y,Normal small (2 of 2),,,,,,18700,Rainier Beach Urban Farm and Wetland,B,10/1/16,EB,5.291,#N/A,N,Catface,,,,,,66057,New Holly,B,10/1/16,EB,5.3333,13,N,Small dent,,,,,,89613,Harmony Fields,B,10/1/16,EB,7.6098,11,Y,-,,,,,,8341,Rainier Beach Urban Farm and Wetland,B,10/1/16,EB,4.9765,#N/A,N,Dents major,,,,,,15909,Harmony Fields,B,10/2/16,EB,6.6662,11,N,Linear dent in side,,,,,,15909,Harmony Fields,B,10/2/16,EB,8.0842,11,N,Linear dent in side,,,,,,34329,Rainier Beach Urban Farm and Wetland,B,10/3/16,EB,1.3608,#N/A,N,"Catface, pinched tip",,,,,,49215,Harmony Fields,B,10/3/16,EB,6.4107,11,N,Small dent,,,,,,54929,Beacon Food Forest,B,10/3/16,EB,1.2332,19,N,Catface,,,,,,14306,New Holly,B,10/4/16,EB,4.4939,13,N,Small catface,,,,,,8412,Riversong Farm,B,10/4/16,EB,7.4243,10,Y,-,,,,,,17944,Riversong Farm,B,10/4/16,EB,4.8535,10,N,Catface,,,,,,94159,Riversong Farm,B,10/5/16,EB,9.1173,10,N,Catface,,,,,,5790,GRuB,B,10/5/16,EB,10.1767,10,N,Catface,,,,,,99979,GRuB,B,10/6/16,EB,9.0798,10,N,Dents,,,,,,99979,GRuB,B,10/6/16,EB,3.0156,10,Y,-,,,,,,43235,GRuB,B,10/6/16,EB,9.3381,10,N,Nipple,,,,,,74427,Wendell Berry/ Urban Futures Farm,B,10/6/16,EB,5.2375,#N/A,N,Catface,,,,,,30233,Wendell Berry/ Urban Futures Farm,B,10/6/16,EB,6.2304,#N/A,N,Small catface,,,,,,81753,Riversong Farm,B,10/6/16,EB,8.2024,10,Y,-,,,,,,84195,Wendell Berry/ Urban Futures Farm,B,10/6/16,EB,7.5054,#N/A,Y,-,,,,,,74075,Maa nyei lai ndeic,B,10/7/16,EB,2.1467,#N/A,N,Catface,,,,,,2376,Riversong Farm,B,10/9/16,EB,4.0517,10,Y,-,,,,,,70591,GRuB,B,10/9/16,EB,1.114,10,N,Split,,,,,,63807,GRuB,B,10/9/16,EB,10.4825,10,N,Nipple catface,,,,,,89613,Harmony Fields,B,10/13/16,EB,5.8052,11,N,Never ripened before becoming soft,,,,,,14167,The Evergreen State College,B,10/14/16,EB,10.8611,#N/A,Y,-,,,,,,98847,The Evergreen State College,B,10/15/16,EB,12.1905,#N/A,Y,-,,,,,,38910,Caliope,B,10/15/16,EB,7.3335,#N/A,N,Dent and dessicated,,,,,,45771,Steel Wheel,B,10/21/16,EB,10.593,10,Y,-,,,,,,30233,Wendell Berry/ Urban Futures Farm,B,10/21/16,EB,0.3827,#N/A,N,One receptacle fertilized,,,,,,69940,Steel Wheel,B,10/21/16,EB,11.1559,10,N,Dents,,,,,,69663,Caliope,B,10/21/16,EB,5.8857,#N/A,N,Catface,,,,,,69940,Steel Wheel,B,10/24/16,EB,9.4628,10,N,Catface,,,,,,62465,The Evergreen State College,B,10/24/16,EB,5.3511,#N/A,N,Side catface,,,,,,38910,Caliope,B,10/24/16,EB,5.7755,#N/A,Y,-,,,,,,45576,Present Tense,B,10/24/16,EB,7.8538,7,Y,-,,,,,,72828,Greenhouse,H,8/2/16,EHB,10.3758,#N/A,N,Pinched End of Fruit,,,,,,29071,Greenhouse,H,8/3/16,EHB,6.9303,#N/A,N,Pinched Top of Fruit,,,,,,29071,Greenhouse,H,8/3/16,EHB,5.2668,#N/A,N,Pinched End of Fruit,,,,,,39606,Greenhouse,H,8/3/16,EHB,5.2353,#N/A,N,Pinched End of Fruit,,,,,,72828,Greenhouse,H,8/3/16,EHB,8.2267,#N/A,Y,None,,,,,,1880,Greenhouse,H,8/4/16,EHB,4.4823,#N/A,Y,None,,,,,,24957,Greenhouse,H,8/5/16,HH,1.2335,#N/A,N,Burn (and small),,,,,,61807,Greenhouse,H,8/6/16,HH,2.0313,#N/A,N,Burn,,,,,,48681,Greenhouse,H,8/6/16,HH,3.588,#N/A,N,Burn and pinched end of fruit,,,,,,1880,Greenhouse,H,8/7/16,HH,7.7031,#N/A,N,Burn and dented,,,,,,44078,Greenhouse,H,8/9/16,HH,7.8362,#N/A,N,Burn and dented,,,,,,1880,Greenhouse,H,8/11/16,HH,4.9728,#N/A,Y,None,,,,,,83088,Greenhouse,H,8/12/16,HH,2.3965,#N/A,N,Fruit Dented and Pinched,,,,,,83088,Greenhouse,H,8/12/16,HH,3.824,#N/A,N,Burn,,,,,,19706,Greenhouse,H,8/12/16,HH,2.753,#N/A,N,Burn,,,,,,19706,Greenhouse,H,8/12/16,HH,3.1721,#N/A,N,Burn,,,,,,19706,Greenhouse,H,8/12/16,HH,5.1998,#N/A,N,Burn and pinched end of fruit,,,,,,61807,Greenhouse,H,8/13/16,HH,6.6901,#N/A,N,Burn,,,,,,24957,Greenhouse,H,8/14/16,EHB,2.8863,#N/A,Y,None,,,,,,65620,Greenhouse,H,8/14/16,EHB,11.0017,#N/A,Y,None,,,,,,73679,Greenhouse,H,8/14/16,EHB,6.0985,#N/A,N,Nippled End,,,,,,36924,Greenhouse,H,8/14/16,EHB,6.0789,#N/A,N,Pinched End of Fruit,,,,,,42251,Greenhouse,H,8/14/16,EHB,5.2506,#N/A,N,Burn,,,,,,11893,Greenhouse,H,8/14/16,EHB,6.5026,#N/A,N,Pinched End of Fruit,,,,,,4068,Greenhouse,H,8/14/16,EHB,8.999,#N/A,N,Slight nippling,,,,,,98272,Greenhouse,H,8/14/16,EHB,8.2058,#N/A,N,Slight nippling,,,,,,19775,Greenhouse,H,8/14/16,EHB,4.471,#N/A,N,Dents,,,,,,4192,Greenhouse,H,8/14/16,EHB,4.871,#N/A,Y,Dessicated,,,,,,4192,Greenhouse,H,8/14/16,EHB,1.6237,#N/A,N,Burn,,,,,,93585,Greenhouse,H,8/14/16,EHB,1.5533,#N/A,N,Dessicated,,,,,,96825,Greenhouse,H,8/14/16,EHB,6.6776,#N/A,N,Pinched End of Fruit,,,,,,8011,Greenhouse,H,8/14/16,EHB,8.6304,#N/A,Y,None,,,,,,91899,Greenhouse,H,8/14/16,EHB,5.651,#N/A,N,Dents,,,,,,91899,Greenhouse,H,8/14/16,EHB,8.5277,#N/A,N,Nippled End,,,,,,50002,Greenhouse,H,8/14/16,EHB,2.1613,#N/A,N,Burn,,,,,,39829,Greenhouse,H,8/14/16,EHB,5.7926,#N/A,Y,None,,,,,,13853,Greenhouse,H,8/14/16,EHB,5.5662,#N/A,Y,None,,,,,,13853,Greenhouse,H,8/14/16,EHB,6.2543,#N/A,Y,None,,,,,,93088,Greenhouse,H,8/14/16,EHB,4.2551,#N/A,Y,None,,,,,,93088,Greenhouse,H,8/14/16,EHB,3.7324,#N/A,Y,None,,,,,,10247,Greenhouse,H,8/14/16,EHB,5.3277,#N/A,Y,None,,,,,,83252,Greenhouse,H,8/14/16,EHB,5.811,#N/A,N,Burn,,,,,,4446,Greenhouse,H,8/15/16,EHB,4.5512,#N/A,Y,None,,,,,,50002,Greenhouse,H,8/15/16,EHB,5.6896,#N/A,N,Dessicated,,,,,,78775,Greenhouse,H,8/15/16,EHB,1.2178,#N/A,N,Burn,,,,,,78775,Greenhouse,H,8/15/16,EHB,5.9108,#N/A,N,Burn/Pinch/Dessication,,,,,,6689,Greenhouse,H,8/15/16,EHB,6.6484,#N/A,N,Dent,,,,,,22561,Greenhouse,H,8/15/16,EHB,4.1561,#N/A,Y,None,,,,,,22561,Greenhouse,H,8/15/16,EHB,6.54,#N/A,Y,None,,,,,,18165,Greenhouse,H,8/15/16,EHB,7.877,#N/A,Y,None,,,,,,80566,Greenhouse,H,8/16/16,EHB,3.419,#N/A,Y,Burn,,,,,,66911,Greenhouse,H,8/16/16,EHB,5.6634,#N/A,N,Dent/Bump,,,,,,70428,Greenhouse,H,8/19/16,EHB,3.2529,#N/A,Y,None,,,,,,22561,Greenhouse,H,8/19/16,EHB,6.3334,#N/A,Y,None,,,,,,52069,Greenhouse,H,8/21/16,EHB,3.8688,#N/A,N,Nipple/Dent near tip,,,,,,66911,Greenhouse,H,8/21/16,EHB,4.3727,#N/A,N,Catfaced,,,,,,67881,Greenhouse,H,8/21/16,EHB,5.8889,#N/A,N,Pinch/Dent near tip,,,,,,20095,Greenhouse,H,8/22/16,EHB,4.2171,#N/A,N,Cleft tip,,,,,,51184,Greenhouse,H,8/23/16,EHB,3.9991,#N/A,N,Catfaced,,,,,,22832,Greenhouse,H,8/23/16,EHB,7.1498,#N/A,N,Slight dent,,,,,,65475,Greenhouse,H,8/23/16,EHB,7.0324,#N/A,N,Nipple,,,,,,20095,Greenhouse,H,8/24/16,EHB,3.1169,#N/A,N,Catfaced,,,,,,29481,Greenhouse,H,9/17/16,EHB,2.4289,#N/A,N,Small pinch/catface,,,,,,92749,Greenhouse,H,9/17/16,EHB,4.5184,#N/A,N,Slight nippling,,,,,,49442,Greenhouse,H,9/17/16,EHB,3.6172,#N/A,N,Slight nippling,,,,,,5019,Greenhouse,H,9/17/16,EHB,1.3037,#N/A,N,Catface,,,,,,2756,Greenhouse,H,9/17/16,EHB,3.188,#N/A,N,Small catface,,,,,,77206,Greenhouse,H,9/18/16,EHB,4.5634,#N/A,N,Catfaced,,,,,,9085,Greenhouse,H,9/20/16,EHB,0.8822,#N/A,N,Catfaced,,,,,,2756,Greenhouse,H,9/22/16,EHB,2.5224,#N/A,N,Side catface,,,,,,54495,Greenhouse,H,9/22/16,EHB,6.3905,#N/A,N,Catface major,,,,,,35995,Greenhouse,H,9/28/16,KB,8.244,#N/A,N,Catfaced,,,,,,9446,Greenhouse,H,9/28/16,KB,1.4137,#N/A,N,Small and catfaced,,,,,,67051,Greenhouse,H,10/1/16,EB,0.1856,#N/A,N,Small dried up (should have been picked earlier),,,,,,3463,Greenhouse,H,10/2/16,EB,6.2102,#N/A,N,Pinched tip,,,,,,55743,Greenhouse,H,10/2/16,EB,6.7139,#N/A,N,Slight catface,,,,,,67455,Greenhouse,H,10/2/16,EB,4.8001,#N/A,N,Catface,,,,,,77823,Greenhouse,H,10/2/16,EB,6.1022,#N/A,N,Large dents,,,,,,43089,Greenhouse,H,10/4/16,EB,7.1079,#N/A,N,Catface,,,,,,41214,Greenhouse,H,10/5/16,EB,1.6059,#N/A,N,Catface,,,,,,12277,Greenhouse,H,10/6/16,EB,7.9432,#N/A,N,Small catface,,,,,,12734,Greenhouse,H,10/9/16,EB,0.9593,#N/A,N,Catface side,,,,,,45627,Greenhouse,H,10/13/16,EB,2.7601,#N/A,N,Large dent,,,,,,15130,Greenhouse,H,10/14/16,EB,12.7183,#N/A,N,Catface,,,,,,61187,Greenhouse,H,10/14/16,EB,0.2367,#N/A,N,One receptacle ripened,,,,,,47332,Greenhouse,H,10/14/16,EB,3.0332,#N/A,N,Catface and dessicated before ripened,,,,,,29933,Greenhouse,H,10/17/16,EB,9.5168,#N/A,N,Small catface,,,,,,29933,Greenhouse,H,10/17/16,EB,8.6737,#N/A,N,Small dents,,,,,,29933,Greenhouse,H,10/17/16,EB,10.9216,#N/A,N,Small catface,,,,,,15130,Greenhouse,H,10/18/16,EB,15.8404,#N/A,N,Very small catface,,,,,,70447,Greenhouse,H,10/21/16,EB,6.4166,#N/A,N,Catface,,,,,,85792,Harmony Fields,O,8/2/16,EHB,7.4567,11,Y,None,,,,,,46631,Riversong Farm,O,8/2/16,EHB,11.6377,10,Y,None,,,,,,12147,Rising River,O,8/2/16,EHB,8.5892,9,Y,None,,,,,,83861,Harmony Fields,O,8/3/16,EHB,13.7843,11,Y,None,,,,,,27295,Harmony Fields,O,8/3/16,EHB,10.1988,11,N,Burn,,,,,,57156,Riversong Farm,O,8/4/16,EHB,3.0014,10,N,Burn,,,,,,4149,Maa nyei lai ndeic,O,8/4/16,EHB,3.5846,#N/A,N,Burn,,,,,,57156,Riversong Farm,O,8/4/16,EHB,2.6396,10,N,Burn,,,,,,12147,Rising River,O,8/4/16,EHB,7.5382,9,Y,None,,,,,,25964,Riversong Farm,O,8/4/16,EHB,4.6546,10,N,Burn,,,,,,69600,Riversong Farm,O,8/4/16,EHB,2.0579,10,N,Burn,,,,,,93774,Harmony Fields,O,8/4/16,EHB,3.1759,11,N,Burn,,,,,,7682,Rising River,O,8/4/16,EHB,3.2422,9,N,Burn,,,,,,46631,Riversong Farm,O,8/6/16,HH,4.6799,10,N,Burn,,,,,,69600,Riversong Farm,O,8/6/16,HH,1.8078,10,N,Burn,,,,,,58489,Riversong Farm,O,8/6/16,HH,3.01,10,N,Burn,,,,,,15884,Wobbly Cart,O,8/6/16,HH,5.0444,9,N,Burn,,,,,,27295,Harmony Fields,O,8/7/16,HH,10.6739,11,Y,None,,,,,,27295,Harmony Fields,O,8/7/16,HH,3.0022,11,N,Burn and dented,,,,,,53833,Rising River,O,8/7/16,HH,4.6589,9,N,Pinched End of Fruit,,,,,,53833,Rising River,O,8/7/16,HH,9.5342,9,N,Pinched End of Fruit,,,,,,31871,Harmony Fields,O,8/7/16,HH,5.0561,11,N,Fruit Dented,,,,,,31632,Maa nyei lai ndeic,O,8/7/16,HH,2.369,#N/A,N,Burn,,,,,,2676,Wobbly Cart,O,8/7/16,HH,5.5842,9,N,Fruit Dented,,,,,,2676,Wobbly Cart,O,8/7/16,HH,4.3331,9,Y,None,,,,,,31645,Wobbly Cart,O,8/7/16,HH,6.4387,9,N,Fruit Dented,,,,,,11788,Riversong Farm,O,8/7/16,HH,4.9395,10,Y,None,,,,,,11788,Riversong Farm,O,8/7/16,HH,5.6551,10,N,Burn,,,,,,8695,Harmony Fields,O,8/10/16,HH,2.3609,11,N,Burn,,,,,,8695,Harmony Fields,O,8/10/16,HH,5.8478,11,N,Burn,,,,,,12543,Maa nyei lai ndeic,O,8/10/16,HH,1.5938,#N/A,N,Burn,,,,,,95616,Present Tense,O,8/10/16,HH,2.8557,7,N,Burn,,,,,,31645,Wobbly Cart,O,8/11/16,HH,8.818,9,Y,None,,,,,,47829,Rising River,O,8/12/16,HH,6.0876,9,N,Pinched End of Fruit,,,,,,12543,Maa nyei lai ndeic,O,8/12/16,HH,4.3324,#N/A,N,Burn,,,,,,85212,Wobbly Cart,O,8/12/16,HH,8.7053,9,Y,None,,,,,,47829,Rising River,O,8/12/16,HH,11.9647,9,Y,None,,,,,,41179,Maa nyei lai ndeic,O,8/13/16,HH,3.7287,#N/A,N,Burn,,,,,,57997,Caliope,O,8/13/16,HH,12.946,#N/A,N,Fruit Dented,,,,,,42714,The Evergreen State College,O,8/13/16,HH,5.0645,#N/A,N,Burn,,,,,,59269,Caliope,O,8/13/16,HH,3.0047,#N/A,N,Burn,,,,,,59269,Caliope,O,8/13/16,HH,3.3542,#N/A,N,Burn,,,,,,25964,Riversong Farm,O,8/13/16,HH,0.6213,10,N,Burn and pinched end of fruit,,,,,,35289,Rising River,O,8/13/16,HH,6.0031,9,N,Burn,,,,,,35289,Rising River,O,8/13/16,HH,5.4647,9,N,Burn,,,,,,42123,Rising River,O,8/13/16,HH,6.9719,9,N,Burn,,,,,,42123,Rising River,O,8/13/16,HH,8.5721,9,N,Burn,,,,,,69291,Wobbly Cart,O,8/14/16,EHB,10.0036,9,Y,None,,,,,,15884,Wobbly Cart,O,8/14/16,EHB,2.2412,9,N,Burn,,,,,,96454,The Evergreen State College,O,8/14/16,EHB,9.4796,#N/A,Y,None,,,,,,57997,Caliope,O,8/14/16,EHB,7.996,#N/A,Y,None,,,,,,23662,The Evergreen State College,O,8/14/16,EHB,2.3945,#N/A,N,Pinched End of Fruit,,,,,,64677,The Evergreen State College,O,8/14/16,EHB,4.058,#N/A,N,Burn,,,,,,73579,Caliope,O,8/14/16,EHB,6.0667,#N/A,N,Slight pinch near end,,,,,,71564,Caliope,O,8/14/16,EHB,5.1364,#N/A,Y,None,,,,,,24865,Caliope,O,8/14/16,EHB,10.003,#N/A,Y,None,,,,,,55652,Wobbly Cart,O,8/14/16,EHB,7.4583,9,Y,None,,,,,,24865,Caliope,O,8/14/16,EHB,4.5793,#N/A,Y,None,,,,,,70136,The Evergreen State College,O,8/14/16,EHB,9.1936,#N/A,Y,None,,,,,,30130,The Evergreen State College,O,8/14/16,EHB,9.6056,#N/A,Y,None,,,,,,78359,Caliope,O,8/14/16,EHB,7.9086,#N/A,N,Fruit Dented and Nipple at End,,,,,,67605,Present Tense,O,8/14/16,EHB,2.0444,7,N,Catfacing,,,,,,64781,Maa nyei lai ndeic,O,8/14/16,EHB,5.8719,#N/A,Y,None,,,,,,81892,Maa nyei lai ndeic,O,8/14/16,EHB,3.3957,#N/A,N,Burn,,,,,,24224,New Holly,O,8/14/16,EHB,5.3596,13,N,Burn,,,,,,33844,New Holly,O,8/14/16,EHB,5.7604,13,Y,None,,,,,,93929,Present Tense,O,8/14/16,EHB,2.9367,7,Y,None,,,,,,4370,New Holly,O,8/14/16,EHB,1.561,13,N,Burn,,,,,,95928,Steel Wheel,O,8/14/16,EHB,3.5344,10,N,Pinched End of Fruit,,,,,,12568,GRuB,O,8/14/16,EHB,4.7046,10,N,Pinched End of Fruit,,,,,,4100,Wendell Berry/ Urban Futures Farm,O,8/14/16,EHB,4.7294,#N/A,Y,None,,,,,,29842,Wendell Berry/ Urban Futures Farm,O,8/14/16,EHB,3.0662,#N/A,Y,None,,,,,,29842,Wendell Berry/ Urban Futures Farm,O,8/14/16,EHB,6.0396,#N/A,Y,None,,,,,,29842,Wendell Berry/ Urban Futures Farm,O,8/14/16,EHB,7.2486,#N/A,Y,None,,,,,,29842,Wendell Berry/ Urban Futures Farm,O,8/14/16,EHB,4.8412,#N/A,Y,None,,,,,,29842,Wendell Berry/ Urban Futures Farm,O,8/14/16,EHB,5.1659,#N/A,Y,None,,,,,,44762,GRuB,O,8/14/16,EHB,6.5856,10,Y,None,,,,,,44762,GRuB,O,8/14/16,EHB,6.6192,10,Y,None,,,,,,50251,GRuB,O,8/14/16,EHB,5.7914,10,Y,None,,,,,,34930,Present Tense,O,8/14/16,EHB,2.9496,7,N,Burn,,,,,,30950,Steel Wheel,O,8/14/16,EHB,2.9188,10,Y,None,,,,,,30950,Steel Wheel,O,8/14/16,EHB,4.2961,10,Y,None,,,,,,30950,Steel Wheel,O,8/14/16,EHB,12.6322,10,N,Nippled End,,,,,,38811,Steel Wheel,O,8/14/16,EHB,4.9938,10,Y,None,,,,,,29001,Present Tense,O,8/14/16,EHB,2.1613,7,N,Burn,,,,,,56712,Present Tense,O,8/14/16,EHB,9.6856,7,Y,None,,,,,,29001,Present Tense,O,8/14/16,EHB,2.2082,7,Y,None,,,,,,45990,Steel Wheel,O,8/14/16,EHB,5.5911,10,Y,None,,,,,,16296,Wendell Berry/ Urban Futures Farm,O,8/14/16,EHB,3.243,#N/A,Y,None,,,,,,80502,GRuB,O,8/14/16,EHB,8.8987,10,Y,None,,,,,,80502,GRuB,O,8/14/16,EHB,8.6381,10,Y,None,,,,,,25769,Wendell Berry/ Urban Futures Farm,O,8/14/16,EHB,4.9555,#N/A,N,Burn,,,,,,25769,Wendell Berry/ Urban Futures Farm,O,8/14/16,EHB,5.821,#N/A,Y,None,,,,,,87879,Wendell Berry/ Urban Futures Farm,O,8/14/16,EHB,5.0914,#N/A,N,Nippled End,,,,,,87879,Wendell Berry/ Urban Futures Farm,O,8/14/16,EHB,4.841,#N/A,N,Burn,,,,,,68937,GRuB,O,8/14/16,EHB,1.8266,10,N,Burn,,,,,,9575,GRuB,O,8/14/16,EHB,3.808,10,N,Burn,,,,,,82709,Steel Wheel,O,8/14/16,EHB,2.7997,10,Y,Dessicated,,,,,,82709,Steel Wheel,O,8/14/16,EHB,1.458,10,N,Burn,,,,,,78214,Wendell Berry/ Urban Futures Farm,O,8/14/16,EHB,4.1433,#N/A,N,Burn,,,,,,82709,Steel Wheel,O,8/14/16,EHB,1.1721,10,N,Burn,,,,,,45990,Steel Wheel,O,8/14/16,EHB,3.6376,10,Y,None,,,,,,78214,Wendell Berry/ Urban Futures Farm,O,8/15/16,EHB,2.8327,#N/A,N,Dessicated,,,,,,29001,Present Tense,O,8/15/16,EHB,7.9688,7,N,Burn/dessication,,,,,,2584,Sol to Seed,O,8/15/16,EHB,4.6302,9,N,Dent,,,,,,56680,Camp Korey,O,8/16/16,EHB,5.3248,10,Y,None,,,,,,88975,Camp Korey,O,8/16/16,EHB,4.1316,10,Y,Burn,,,,,,3969,Sol to Seed,O,8/16/16,EHB,5.368,9,N,Pinched End of Fruit,,,,,,51383,Sol to Seed,O,8/18/16,EHB,4.879,9,N,Slight terminal pinch,,,,,,63924,Camp Korey,O,8/18/16,EHB,5.7221,10,N,Slight terminal nipple,,,,,,74794,Camp Korey,O,8/18/16,EHB,4.5101,10,N,Slight terminal pinch,,,,,,9561,Camp Korey,O,8/18/16,EHB,3.2258,10,N,Many lateral dents,,,,,,9561,Camp Korey,O,8/18/16,EHB,4.7266,10,N,Many lateral dents,,,,,,43984,Camp Korey,O,8/18/16,EHB,5.4258,10,Y,None,,,,,,46875,Sol to Seed,O,8/19/16,EHB,1.4509,9,N,Nippled End,,,,,,28968,Sol to Seed,O,8/19/16,EHB,0.2917,9,N,Catfaced (small),,,,,,68508,Beacon Food Forest,O,8/21/16,EHB,4.6106,19,N,Dent (minor),,,,,,89147,Beacon Food Forest,O,8/21/16,EHB,2.4463,19,N,Catfaced,,,,,,46875,Sol to Seed,O,8/21/16,EHB,0.829,9,N,Nippled End,,,,,,43334,Rainier Beach Urban Farm and Wetland,O,8/22/16,EHB,12.4591,#N/A,Y,None,,,,,,15372,Rainier Beach Urban Farm and Wetland,O,8/22/16,EHB,3.1887,#N/A,Y,None,,,,,,89147,Beacon Food Forest,O,8/22/16,EHB,4.5206,19,N,Catfaced,,,,,,22686,Beacon Food Forest,O,8/22/16,EHB,6.0265,19,Y,None,,,,,,51383,Sol to Seed,O,8/22/16,EHB,2.5319,9,N,Pinched tip,,,,,,21253,Beacon Food Forest,O,8/23/16,EHB,5.3888,19,Y,None,,,,,,52541,Beacon Food Forest,O,8/23/16,EHB,9.1434,19,Y,None,,,,,,60829,Rainier Beach Urban Farm and Wetland,O,8/23/16,EHB,9.0609,#N/A,N,Slight nippling,,,,,,44109,Beacon Food Forest,O,8/24/16,EHB,4.902,19,Y,None,,,,,,17906,Rainier Beach Urban Farm and Wetland,O,8/28/16,EHB,0.6738,#N/A,N,Burn tip,,,,,,90514,Camp Korey,O,9/16/16,EHB,5.0162,10,Y,None,,,,,,14339,Camp Korey,O,9/16/16,EHB,4.5638,10,N,Dents,,,,,,74031,Sol to Seed,O,9/16/16,EHB,3.6061,9,Y,None,,,,,,74650,Camp Korey,O,9/17/16,EHB,6.7743,10,N,Small dents,,,,,,21018,Wobbly Cart,O,9/17/16,EHB,8.4435,9,N,Dents,,,,,,87932,Rising River,O,9/17/16,EHB,9.0942,9,Y,None,,,,,,26543,Wobbly Cart,O,9/18/16,EHB,4.9483,9,N,Small dents,,,,,,14339,Camp Korey,O,9/18/16,EHB,3.2696,10,N,Catfaced,,,,,,1256,Wobbly Cart,O,9/20/16,EHB,3.9594,9,N,Dents,,,,,,11647,Sol to Seed,O,9/21/16,EHB,6.7803,9,N,Catfaced,,,,,,21376,Sol to Seed,O,9/21/16,EHB,5.6803,9,N,Side catface,,,,,,65989,Rising River,O,9/23/16,KB,3.3133,9,N,Denting throughout,,,,,,52213,Maa nyei lai ndeic,O,9/28/16,KB,2.1334,#N/A,N,Catfaced with dents,,,,,,12990,Rising River,O,9/28/16,KB,1.2591,9,N,Oblong and pointy at bottom,,,,,,73127,Maa nyei lai ndeic,O,9/28/16,KB,5.6033,#N/A,N,Minor denting,,,,,,44383,New Holly,O,9/29/16,KB,2.3937,13,N,Catfaced,,,,,,68546,Rainier Beach Urban Farm and Wetland,O,9/29/16,KB,5.0823,#N/A,N,Sour faced with dents,,,,,,55457,Wendell Berry/ Urban Futures Farm,O,9/29/16,KB,7.0367,#N/A,N,Small kink otherwise great,,,,,,3530,Beacon Food Forest,O,9/29/16,KB,2.245,19,N,Eggplant shaped,,,,,,4153,Maa nyei lai ndeic,O,10/1/16,EB,2.3395,#N/A,N,Catface,,,,,,41226,Wendell Berry/ Urban Futures Farm,O,10/1/16,EB,1.2333,#N/A,N,Burn,,,,,,70491,GRuB,O,10/1/16,EB,13.967,10,Y,-,,,,,,6362,Rainier Beach Urban Farm and Wetland,O,10/1/16,EB,1.1075,#N/A,N,Small dent,,,,,,83865,Riversong Farm,O,10/1/16,EB,6.0189,10,Y,-,,,,,,63820,Harmony Fields,O,10/2/16,EB,7.2959,11,N,Small dents,,,,,,81112,Wendell Berry/ Urban Futures Farm,O,10/2/16,EB,7.7907,#N/A,N,Linear dent in side,,,,,,2051,GRuB,O,10/2/16,EB,7.9941,10,Y,-,,,,,,13123,GRuB,O,10/3/16,EB,6.3551,10,N,Small dent,,,,,,85079,Riversong Farm,O,10/5/16,EB,6.8539,10,Y,-,,,,,,47406,Harmony Fields,O,10/5/16,EB,8.7198,11,Y,-,,,,,,91464,GRuB,O,10/6/16,EB,10.4952,10,N,Dents,,,,,,27947,GRuB,O,10/6/16,EB,5.9763,10,N,Catface,,,,,,29005,Riversong Farm,O,10/6/16,EB,6.2127,10,Y,-,,,,,,55371,Harmony Fields,O,10/7/16,EB,7.1534,11,Y,-,,,,,,2051,GRuB,O,10/9/16,EB,5.3561,10,N,Dent,,,,,,40895,Wendell Berry/ Urban Futures Farm,O,10/10/16,EB,7.1928,#N/A,N,Small dents,,,,,,88644,Wendell Berry/ Urban Futures Farm,O,10/13/16,EB,2.5943,#N/A,N,Catface,,,,,,46801,Riversong Farm,O,10/13/16,EB,6.2241,10,N,Never ripened before becoming soft,,,,,,94575,Harmony Fields,O,10/13/16,EB,7.7295,11,N,Never ripened before becoming soft,,,,,,51984,Riversong Farm,O,10/13/16,EB,2.2956,10,N,Large dent,,,,,,1658,Present Tense,O,10/14/16,EB,16.8011,7,Y,-,,,,,,68104,The Evergreen State College,O,10/14/16,EB,9.5112,#N/A,N,Dessicated before ripened,,,,,,40895,Wendell Berry/ Urban Futures Farm,O,10/14/16,EB,1.9552,#N/A,N,Catface,,,,,,65245,Steel Wheel,O,10/15/16,EB,14.4872,10,Y,-,,,,,,4346,Present Tense,O,10/15/16,EB,7.4063,7,Y,-,,,,,,41925,Present Tense,O,10/15/16,EB,14.5348,7,Y,-,,,,,,98055,Caliope,O,10/15/16,EB,15.0406,#N/A,Y,-,,,,,,85222,Steel Wheel,O,10/24/16,EB,5.309,10,N,Small dents,,,,,,,,,,,,,,,,,,,,,,,,,,,,,,,,,,,,,,,,,,,,,,,,,,,,,,,,,,,,,,,,,,,,,,,,,,,,,,,,,,,,,,,,,,,,,,,,,,,,,,,,